[
  {
    "__type__": "cc.AnimationClip",
    "_name": "FlyingBird",
    "_objFlags": 0,
    "__editorExtras__": {
      "embeddedPlayerGroups": []
    },
    "_native": "",
    "sample": 60,
    "speed": 1,
    "wrapMode": 1,
    "enableTrsBlending": false,
    "_duration": 0.21666666666666667,
    "_hash": 500763545,
    "_tracks": [
      {
        "__id__": 1
      }
    ],
    "_exoticAnimation": null,
    "_events": [],
    "_embeddedPlayers": []
  },
  {
    "__type__": "cc.animation.ObjectTrack",
    "_binding": {
      "__type__": "cc.animation.TrackBinding",
      "path": {
        "__id__": 2
      }
    },
    "_channel": {
      "__id__": 4
    }
  },
  {
    "__type__": "cc.animation.TrackPath",
    "_paths": [
      {
        "__id__": 3
      },
      "spriteFrame"
    ]
  },
  {
    "__type__": "cc.animation.ComponentPath",
    "component": "cc.Sprite"
  },
  {
    "__type__": "cc.animation.Channel",
    "_curve": {
      "__id__": 5
    }
  },
  {
    "__type__": "cc.ObjectCurve",
    "_times": [
      0,
      0.1,
      0.2
    ],
    "_values": [
      {
        "__uuid__": "0f448597-4cae-4242-b3db-e3be7f1d2b87@f9941",
        "__expectedType__": "cc.SpriteFrame"
      },
      {
        "__uuid__": "91204498-a9db-4a29-84b0-b8ef9a93223e@f9941",
        "__expectedType__": "cc.SpriteFrame"
      },
      {
        "__uuid__": "ee237d1b-f889-423d-bd19-0665c05257d9@f9941",
        "__expectedType__": "cc.SpriteFrame"
      }
    ]
  }
]