{
  "imports": {
    "cce:/internal/x/cc": "./chunks/68/68d99eb2bd5ac449d443d1d23e7119c95c84ec84.js",
    "cce:/internal/x/prerequisite-imports": "./chunks/07/07fb1dcca2f4fad0c5a0bf7f0aa6ba570dd5ef4e.js",
    "file:///C:/Users/ayush/Cocos/TweetieInWorldOfPipe/assets/Scripts/Ground.ts": "./chunks/03/031958ad9047e25bee13d79095e125c5c0693c29.js",
    "file:///C:/Users/ayush/Cocos/TweetieInWorldOfPipe/assets/Scripts/PipePool.ts": "./chunks/c8/c80c54804eabf49c443a96c6c6c6f3b787aa6a5b.js",
    "file:///C:/Users/ayush/Cocos/TweetieInWorldOfPipe/assets/Scripts/Results.ts": "./chunks/02/0272cff8ec677a466eb8960ac9a06175a316adb7.js",
    "file:///C:/Users/ayush/Cocos/TweetieInWorldOfPipe/assets/Scripts/Bird.ts": "./chunks/ff/ff22f2595da1bddd1c297d7dbce6a40cf7ceafcb.js",
    "file:///C:/Users/ayush/Cocos/TweetieInWorldOfPipe/assets/Scripts/GameController.ts": "./chunks/6a/6ae12c3493802651fb396bf04af6660026306213.js",
    "file:///C:/Users/ayush/Cocos/TweetieInWorldOfPipe/assets/Scripts/Pipes.ts": "./chunks/54/54c8ee7b13814f22c361f33cc45a1f19d943ae10.js"
  },
  "scopes": {
    "./chunks/68/68d99eb2bd5ac449d443d1d23e7119c95c84ec84.js": {
      "__unresolved_0": "cce:/internal/x/cc-fu/2d",
      "__unresolved_1": "cce:/internal/x/cc-fu/animation",
      "__unresolved_10": "cce:/internal/x/cc-fu/physics-2d-framework",
      "__unresolved_11": "cce:/internal/x/cc-fu/profiler",
      "__unresolved_12": "cce:/internal/x/cc-fu/spine",
      "__unresolved_13": "cce:/internal/x/cc-fu/tiled-map",
      "__unresolved_14": "cce:/internal/x/cc-fu/tween",
      "__unresolved_15": "cce:/internal/x/cc-fu/ui",
      "__unresolved_16": "cce:/internal/x/cc-fu/video",
      "__unresolved_17": "cce:/internal/x/cc-fu/webview",
      "__unresolved_2": "cce:/internal/x/cc-fu/audio",
      "__unresolved_3": "cce:/internal/x/cc-fu/base",
      "__unresolved_4": "cce:/internal/x/cc-fu/dragon-bones",
      "__unresolved_5": "cce:/internal/x/cc-fu/gfx-webgl",
      "__unresolved_6": "cce:/internal/x/cc-fu/gfx-webgl2",
      "__unresolved_7": "cce:/internal/x/cc-fu/intersection-2d",
      "__unresolved_8": "cce:/internal/x/cc-fu/particle-2d",
      "__unresolved_9": "cce:/internal/x/cc-fu/physics-2d-box2d"
    },
    "./chunks/07/07fb1dcca2f4fad0c5a0bf7f0aa6ba570dd5ef4e.js": {
      "__unresolved_0": "./chunks/ff/ff22f2595da1bddd1c297d7dbce6a40cf7ceafcb.js",
      "__unresolved_1": "./chunks/6a/6ae12c3493802651fb396bf04af6660026306213.js",
      "__unresolved_2": "./chunks/03/031958ad9047e25bee13d79095e125c5c0693c29.js",
      "__unresolved_3": "./chunks/c8/c80c54804eabf49c443a96c6c6c6f3b787aa6a5b.js",
      "__unresolved_4": "./chunks/54/54c8ee7b13814f22c361f33cc45a1f19d943ae10.js",
      "__unresolved_5": "./chunks/02/0272cff8ec677a466eb8960ac9a06175a316adb7.js"
    },
    "./chunks/02/0272cff8ec677a466eb8960ac9a06175a316adb7.js": {
      "cc": "./chunks/68/68d99eb2bd5ac449d443d1d23e7119c95c84ec84.js"
    },
    "./chunks/54/54c8ee7b13814f22c361f33cc45a1f19d943ae10.js": {
      "cc": "./chunks/68/68d99eb2bd5ac449d443d1d23e7119c95c84ec84.js"
    },
    "./chunks/c8/c80c54804eabf49c443a96c6c6c6f3b787aa6a5b.js": {
      "cc": "./chunks/68/68d99eb2bd5ac449d443d1d23e7119c95c84ec84.js"
    },
    "./chunks/03/031958ad9047e25bee13d79095e125c5c0693c29.js": {
      "__unresolved_0": "./chunks/cc/cceb4f795e6e637cc67c120b5b44ef3a584b486a.js",
      "__unresolved_1": "./chunks/6a/6ae12c3493802651fb396bf04af6660026306213.js",
      "cc": "./chunks/68/68d99eb2bd5ac449d443d1d23e7119c95c84ec84.js"
    },
    "./chunks/6a/6ae12c3493802651fb396bf04af6660026306213.js": {
      "__unresolved_0": "./chunks/cc/cceb4f795e6e637cc67c120b5b44ef3a584b486a.js",
      "__unresolved_1": "./chunks/03/031958ad9047e25bee13d79095e125c5c0693c29.js",
      "__unresolved_2": "./chunks/02/0272cff8ec677a466eb8960ac9a06175a316adb7.js",
      "__unresolved_3": "./chunks/ff/ff22f2595da1bddd1c297d7dbce6a40cf7ceafcb.js",
      "__unresolved_4": "./chunks/c8/c80c54804eabf49c443a96c6c6c6f3b787aa6a5b.js",
      "cc": "./chunks/68/68d99eb2bd5ac449d443d1d23e7119c95c84ec84.js"
    },
    "./chunks/ff/ff22f2595da1bddd1c297d7dbce6a40cf7ceafcb.js": {
      "cc": "./chunks/68/68d99eb2bd5ac449d443d1d23e7119c95c84ec84.js"
    }
  }
}
