[
    1,
    [
        "97CHEmw8FIi6QUPerdmYHM@6c48a"
    ],
    [
        "_textureSource"
    ],
    [
        "cc.SpriteFrame"
    ],
    0,
    [
        {
            "name": "pipe-green",
            "rect": {
                "x": 0,
                "y": 0,
                "width": 52,
                "height": 320
            },
            "offset": {
                "x": 0,
                "y": 0
            },
            "originalSize": {
                "width": 52,
                "height": 320
            },
            "rotated": false,
            "capInsets": [
                0,
                0,
                0,
                0
            ],
            "vertices": {
                "rawPosition": [
                    -26,
                    -160,
                    0,
                    26,
                    -160,
                    0,
                    -26,
                    160,
                    0,
                    26,
                    160,
                    0
                ],
                "indexes": [
                    0,
                    1,
                    2,
                    2,
                    1,
                    3
                ],
                "uv": [
                    0,
                    320,
                    52,
                    320,
                    0,
                    0,
                    52,
                    0
                ],
                "nuv": [
                    0,
                    0,
                    1,
                    0,
                    0,
                    1,
                    1,
                    1
                ],
                "minPos": {
                    "x": -26,
                    "y": -160,
                    "z": 0
                },
                "maxPos": {
                    "x": 26,
                    "y": 160,
                    "z": 0
                }
            },
            "packable": true,
            "pixelsToUnit": 100,
            "pivot": {
                "x": 0.5,
                "y": 0.5
            },
            "meshType": 0
        }
    ],
    [
        0
    ],
    0,
    [
        0
    ],
    [
        0
    ],
    [
        0
    ]
]
