[
    1,
    [
        "00xTtChWRHNJ0gRP66pMM1@6c48a"
    ],
    [
        "_textureSource"
    ],
    [
        "cc.SpriteFrame"
    ],
    0,
    [
        {
            "name": "base",
            "rect": {
                "x": 0,
                "y": 0,
                "width": 336,
                "height": 112
            },
            "offset": {
                "x": 0,
                "y": 0
            },
            "originalSize": {
                "width": 336,
                "height": 112
            },
            "rotated": false,
            "capInsets": [
                0,
                0,
                0,
                0
            ],
            "vertices": {
                "rawPosition": [
                    -168,
                    -56,
                    0,
                    168,
                    -56,
                    0,
                    -168,
                    56,
                    0,
                    168,
                    56,
                    0
                ],
                "indexes": [
                    0,
                    1,
                    2,
                    2,
                    1,
                    3
                ],
                "uv": [
                    0,
                    112,
                    336,
                    112,
                    0,
                    0,
                    336,
                    0
                ],
                "nuv": [
                    0,
                    0,
                    1,
                    0,
                    0,
                    1,
                    1,
                    1
                ],
                "minPos": {
                    "x": -168,
                    "y": -56,
                    "z": 0
                },
                "maxPos": {
                    "x": 168,
                    "y": 56,
                    "z": 0
                }
            },
            "packable": true,
            "pixelsToUnit": 100,
            "pivot": {
                "x": 0.5,
                "y": 0.5
            },
            "meshType": 0
        }
    ],
    [
        0
    ],
    0,
    [
        0
    ],
    [
        0
    ],
    [
        0
    ]
]
