{
  "c77ecaa8-c936-46c4-a5b0-98692673ed87": {
    "assetUuid": "c77ecaa8-c936-46c4-a5b0-98692673ed87",
    "animationUuid": "",
    "expandLevels": [
      "0",
      "0_0",
      "0_0_1",
      "0_0_2",
      "0_0_3"
    ]
  },
  "24a99974-161b-4a32-ae15-68ba64bb7284": {
    "assetUuid": "24a99974-161b-4a32-ae15-68ba64bb7284",
    "animationUuid": "",
    "expandLevels": [
      "0",
      "0_1",
      "0_1_3",
      "0_1_4",
      "0_1_4_1"
    ]
  },
  "12ca93ea-c2c2-4304-a8b0-86023fb37468": {
    "assetUuid": "12ca93ea-c2c2-4304-a8b0-86023fb37468",
    "animationUuid": "",
    "expandLevels": [
      "0"
    ]
  }
}
