{
  "ac0fb780-d43d-458d-b57a-3279cb578a5f": {
    "url": "db://assets/Resources",
    "value": {}
  },
  "19f8f26e-511a-45cf-bc15-1abdd906dd9a": {
    "url": "db://assets/Scenes",
    "value": {}
  },
  "973f7601-9080-403b-ab18-7ebc42636fe5": {
    "url": "db://assets/Scripts",
    "value": {}
  },
  "5663ed05-fff9-484a-b39d-968907c9d197": {
    "url": "db://assets/Prefabs",
    "value": {}
  },
  "0553b7b3-5d3c-4911-89df-7335baef7ffb": {
    "url": "db://assets/Resources/Background",
    "value": {}
  },
  "bfb2a2b0-0820-4a62-9efe-1c58dce375ef": {
    "url": "db://assets/Resources/Ground",
    "value": {}
  },
  "56684254-946f-4872-800f-4125570b1168": {
    "url": "db://assets/Resources/Bird",
    "value": {}
  },
  "f2dd2b3c-65d1-423f-a6d3-b6c91ddda6db": {
    "url": "db://assets/Resources/Pipe",
    "value": {}
  },
  "32a4e3d6-80cd-4f0b-ab79-418ebc09c67c": {
    "url": "db://assets/Resources/Fonts",
    "value": {}
  },
  "cb352150-65fe-4a7b-8197-13a23c61859a": {
    "url": "db://assets/Resources/Fonts/FlappyBirdRegular-9Pq0.ttf",
    "value": {
      "depends": []
    }
  },
  "0f448597-4cae-4242-b3db-e3be7f1d2b87": {
    "url": "db://assets/Resources/Bird/yellowbird-upflap.png",
    "value": {
      "depends": []
    }
  },
  "0f448597-4cae-4242-b3db-e3be7f1d2b87@6c48a": {
    "url": "db://assets/Resources/Bird/yellowbird-upflap.png@6c48a",
    "value": {
      "depends": [
        "0f448597-4cae-4242-b3db-e3be7f1d2b87"
      ]
    }
  },
  "0f448597-4cae-4242-b3db-e3be7f1d2b87@f9941": {
    "url": "db://assets/Resources/Bird/yellowbird-upflap.png@f9941",
    "value": {
      "depends": [
        "0f448597-4cae-4242-b3db-e3be7f1d2b87@6c48a"
      ]
    }
  },
  "ee237d1b-f889-423d-bd19-0665c05257d9": {
    "url": "db://assets/Resources/Bird/yellowbird-downflap.png",
    "value": {
      "depends": []
    }
  },
  "91204498-a9db-4a29-84b0-b8ef9a93223e": {
    "url": "db://assets/Resources/Bird/yellowbird-midflap.png",
    "value": {
      "depends": []
    }
  },
  "ee237d1b-f889-423d-bd19-0665c05257d9@6c48a": {
    "url": "db://assets/Resources/Bird/yellowbird-downflap.png@6c48a",
    "value": {
      "depends": [
        "ee237d1b-f889-423d-bd19-0665c05257d9"
      ]
    }
  },
  "ee237d1b-f889-423d-bd19-0665c05257d9@f9941": {
    "url": "db://assets/Resources/Bird/yellowbird-downflap.png@f9941",
    "value": {
      "depends": [
        "ee237d1b-f889-423d-bd19-0665c05257d9@6c48a"
      ]
    }
  },
  "91204498-a9db-4a29-84b0-b8ef9a93223e@6c48a": {
    "url": "db://assets/Resources/Bird/yellowbird-midflap.png@6c48a",
    "value": {
      "depends": [
        "91204498-a9db-4a29-84b0-b8ef9a93223e"
      ]
    }
  },
  "91204498-a9db-4a29-84b0-b8ef9a93223e@f9941": {
    "url": "db://assets/Resources/Bird/yellowbird-midflap.png@f9941",
    "value": {
      "depends": [
        "91204498-a9db-4a29-84b0-b8ef9a93223e@6c48a"
      ]
    }
  },
  "97087126-c3c1-488b-a414-3deadd9981cc": {
    "url": "db://assets/Resources/Pipe/pipe-green.png",
    "value": {
      "depends": []
    }
  },
  "97087126-c3c1-488b-a414-3deadd9981cc@6c48a": {
    "url": "db://assets/Resources/Pipe/pipe-green.png@6c48a",
    "value": {
      "depends": [
        "97087126-c3c1-488b-a414-3deadd9981cc"
      ]
    }
  },
  "97087126-c3c1-488b-a414-3deadd9981cc@f9941": {
    "url": "db://assets/Resources/Pipe/pipe-green.png@f9941",
    "value": {
      "depends": [
        "97087126-c3c1-488b-a414-3deadd9981cc@6c48a"
      ]
    }
  },
  "b15a668b-ab7d-4f55-83bf-466821ba4363": {
    "url": "db://assets/Resources/Background/background-day.png",
    "value": {
      "depends": []
    }
  },
  "b15a668b-ab7d-4f55-83bf-466821ba4363@6c48a": {
    "url": "db://assets/Resources/Background/background-day.png@6c48a",
    "value": {
      "depends": [
        "b15a668b-ab7d-4f55-83bf-466821ba4363"
      ]
    }
  },
  "b15a668b-ab7d-4f55-83bf-466821ba4363@f9941": {
    "url": "db://assets/Resources/Background/background-day.png@f9941",
    "value": {
      "depends": [
        "b15a668b-ab7d-4f55-83bf-466821ba4363@6c48a"
      ]
    }
  },
  "00c53b42-8564-4734-9d20-44febaa4c335": {
    "url": "db://assets/Resources/Ground/base.png",
    "value": {
      "depends": []
    }
  },
  "00c53b42-8564-4734-9d20-44febaa4c335@6c48a": {
    "url": "db://assets/Resources/Ground/base.png@6c48a",
    "value": {
      "depends": [
        "00c53b42-8564-4734-9d20-44febaa4c335"
      ]
    }
  },
  "00c53b42-8564-4734-9d20-44febaa4c335@f9941": {
    "url": "db://assets/Resources/Ground/base.png@f9941",
    "value": {
      "depends": [
        "00c53b42-8564-4734-9d20-44febaa4c335@6c48a"
      ]
    }
  },
  "66f5950f-5631-413f-b703-e12117a581a2": {
    "url": "db://assets/Scripts/Ground.ts",
    "value": {}
  },
  "ead6018d-c33a-431e-800f-3731e73ad9f7": {
    "url": "db://assets/Animations",
    "value": {}
  },
  "24a99974-161b-4a32-ae15-68ba64bb7284": {
    "url": "db://assets/Scenes/scene.scene",
    "value": {
      "depends": [
        "24a99974-161b-4a32-ae15-68ba64bb7284",
        "b15a668b-ab7d-4f55-83bf-466821ba4363@f9941",
        "0f448597-4cae-4242-b3db-e3be7f1d2b87@f9941",
        "03bf1b5f-38a0-46f9-9f8c-1afd7fa6537c",
        "03bf1b5f-38a0-46f9-9f8c-1afd7fa6537c",
        "cb352150-65fe-4a7b-8197-13a23c61859a",
        "cb352150-65fe-4a7b-8197-13a23c61859a",
        "cb352150-65fe-4a7b-8197-13a23c61859a",
        "00c53b42-8564-4734-9d20-44febaa4c335@f9941",
        "00c53b42-8564-4734-9d20-44febaa4c335@f9941",
        "00c53b42-8564-4734-9d20-44febaa4c335@f9941",
        "12ca93ea-c2c2-4304-a8b0-86023fb37468",
        "24a99974-161b-4a32-ae15-68ba64bb7284"
      ]
    }
  },
  "f34aff56-7bb3-438b-a539-075857752441": {
    "url": "db://assets/Scripts/GameController.ts",
    "value": {}
  },
  "5e5fac47-c3ef-4da1-b8f7-368d877a98b0": {
    "url": "db://assets/Scripts/Results.ts",
    "value": {}
  },
  "560e2fd1-7afd-479d-b0ab-f13ad1c534d7": {
    "url": "db://assets/Scripts/Bird.ts",
    "value": {}
  },
  "03bf1b5f-38a0-46f9-9f8c-1afd7fa6537c": {
    "url": "db://assets/Animations/FlyingBird.anim",
    "value": {
      "depends": [
        "0f448597-4cae-4242-b3db-e3be7f1d2b87@f9941",
        "91204498-a9db-4a29-84b0-b8ef9a93223e@f9941",
        "ee237d1b-f889-423d-bd19-0665c05257d9@f9941",
        "91204498-a9db-4a29-84b0-b8ef9a93223e@f9941",
        "0f448597-4cae-4242-b3db-e3be7f1d2b87@f9941"
      ]
    }
  },
  "0fa6d954-9c69-47fa-93a0-af2d4a1f0ae7": {
    "url": "db://assets/Scripts/Pipes.ts",
    "value": {}
  },
  "12ca93ea-c2c2-4304-a8b0-86023fb37468": {
    "url": "db://assets/Prefabs/Pipe.prefab",
    "value": {
      "depends": [
        "97087126-c3c1-488b-a414-3deadd9981cc@f9941",
        "97087126-c3c1-488b-a414-3deadd9981cc@f9941"
      ]
    }
  },
  "46e5b2f6-0053-4475-b220-b0af76bc5286": {
    "url": "db://assets/Scripts/PipePool.ts",
    "value": {}
  }
}
