{
  "C:\\Users\\ayush\\Cocos\\TweetieInWorldOfPipe\\assets\\Resources.meta": {
    "time": 1690637250811.5078
  },
  "C:\\Users\\ayush\\Cocos\\TweetieInWorldOfPipe\\assets\\Resources": {
    "time": 1690637318157.6262,
    "uuid": "ac0fb780-d43d-458d-b57a-3279cb578a5f",
    "missing": false
  },
  "C:\\Users\\ayush\\Cocos\\TweetieInWorldOfPipe\\assets\\Scenes.meta": {
    "time": 1690637256435.5022
  },
  "C:\\Users\\ayush\\Cocos\\TweetieInWorldOfPipe\\assets\\Scenes": {
    "time": 1690641785367.564,
    "uuid": "19f8f26e-511a-45cf-bc15-1abdd906dd9a",
    "missing": false
  },
  "C:\\Users\\ayush\\Cocos\\TweetieInWorldOfPipe\\assets\\Scripts.meta": {
    "time": 1690637265543.3425
  },
  "C:\\Users\\ayush\\Cocos\\TweetieInWorldOfPipe\\assets\\Scripts": {
    "time": 1690916738286.297,
    "uuid": "973f7601-9080-403b-ab18-7ebc42636fe5",
    "missing": false
  },
  "C:\\Users\\ayush\\Cocos\\TweetieInWorldOfPipe\\assets\\Prefabs.meta": {
    "time": 1690637276109.2217
  },
  "C:\\Users\\ayush\\Cocos\\TweetieInWorldOfPipe\\assets\\Prefabs": {
    "time": 1690916607216.001,
    "uuid": "5663ed05-fff9-484a-b39d-968907c9d197",
    "missing": false
  },
  "C:\\Users\\ayush\\Cocos\\TweetieInWorldOfPipe\\assets\\Resources\\Background.meta": {
    "time": 1690637288834.5698
  },
  "C:\\Users\\ayush\\Cocos\\TweetieInWorldOfPipe\\assets\\Resources\\Background": {
    "time": 1690637368525.6133,
    "uuid": "0553b7b3-5d3c-4911-89df-7335baef7ffb",
    "missing": false
  },
  "C:\\Users\\ayush\\Cocos\\TweetieInWorldOfPipe\\assets\\Resources\\Ground.meta": {
    "time": 1690637297228.1462
  },
  "C:\\Users\\ayush\\Cocos\\TweetieInWorldOfPipe\\assets\\Resources\\Ground": {
    "time": 1690637373700.58,
    "uuid": "bfb2a2b0-0820-4a62-9efe-1c58dce375ef",
    "missing": false
  },
  "C:\\Users\\ayush\\Cocos\\TweetieInWorldOfPipe\\assets\\Resources\\Bird.meta": {
    "time": 1690637303826.307
  },
  "C:\\Users\\ayush\\Cocos\\TweetieInWorldOfPipe\\assets\\Resources\\Bird": {
    "time": 1690637355560.9138,
    "uuid": "56684254-946f-4872-800f-4125570b1168",
    "missing": false
  },
  "C:\\Users\\ayush\\Cocos\\TweetieInWorldOfPipe\\assets\\Resources\\Pipe.meta": {
    "time": 1690637310722.4343
  },
  "C:\\Users\\ayush\\Cocos\\TweetieInWorldOfPipe\\assets\\Resources\\Pipe": {
    "time": 1690637363200.7605,
    "uuid": "f2dd2b3c-65d1-423f-a6d3-b6c91ddda6db",
    "missing": false
  },
  "C:\\Users\\ayush\\Cocos\\TweetieInWorldOfPipe\\assets\\Resources\\Fonts.meta": {
    "time": 1690637318171.5881
  },
  "C:\\Users\\ayush\\Cocos\\TweetieInWorldOfPipe\\assets\\Resources\\Fonts": {
    "time": 1690637344869.8518,
    "uuid": "32a4e3d6-80cd-4f0b-ab79-418ebc09c67c",
    "missing": false
  },
  "C:\\Users\\ayush\\Cocos\\TweetieInWorldOfPipe\\assets\\Resources\\Fonts\\FlappyBirdRegular-9Pq0.ttf.meta": {
    "time": 1690637344913.6836
  },
  "C:\\Users\\ayush\\Cocos\\TweetieInWorldOfPipe\\assets\\Resources\\Fonts\\FlappyBirdRegular-9Pq0.ttf": {
    "time": 1670144816000,
    "uuid": "cb352150-65fe-4a7b-8197-13a23c61859a",
    "missing": false
  },
  "C:\\Users\\ayush\\Cocos\\TweetieInWorldOfPipe\\assets\\Resources\\Bird\\yellowbird-upflap.png.meta": {
    "time": 1690637355696.547
  },
  "C:\\Users\\ayush\\Cocos\\TweetieInWorldOfPipe\\assets\\Resources\\Bird\\yellowbird-downflap.png.meta": {
    "time": 1690637355751.4004
  },
  "C:\\Users\\ayush\\Cocos\\TweetieInWorldOfPipe\\assets\\Resources\\Bird\\yellowbird-midflap.png.meta": {
    "time": 1690637355805.3477
  },
  "C:\\Users\\ayush\\Cocos\\TweetieInWorldOfPipe\\assets\\Resources\\Bird\\yellowbird-upflap.png": {
    "time": 1672921039000,
    "uuid": "0f448597-4cae-4242-b3db-e3be7f1d2b87",
    "missing": false
  },
  "C:\\Users\\ayush\\Cocos\\TweetieInWorldOfPipe\\assets\\Resources\\Bird\\yellowbird-downflap.png": {
    "time": 1672921039000,
    "uuid": "ee237d1b-f889-423d-bd19-0665c05257d9",
    "missing": false
  },
  "C:\\Users\\ayush\\Cocos\\TweetieInWorldOfPipe\\assets\\Resources\\Bird\\yellowbird-midflap.png": {
    "time": 1672921039000,
    "uuid": "91204498-a9db-4a29-84b0-b8ef9a93223e",
    "missing": false
  },
  "C:\\Users\\ayush\\Cocos\\TweetieInWorldOfPipe\\assets\\Resources\\Pipe\\pipe-green.png.meta": {
    "time": 1690637363244.65
  },
  "C:\\Users\\ayush\\Cocos\\TweetieInWorldOfPipe\\assets\\Resources\\Pipe\\pipe-green.png": {
    "time": 1672921039000,
    "uuid": "97087126-c3c1-488b-a414-3deadd9981cc",
    "missing": false
  },
  "C:\\Users\\ayush\\Cocos\\TweetieInWorldOfPipe\\assets\\Resources\\Background\\background-day.png.meta": {
    "time": 1690637368621.3555
  },
  "C:\\Users\\ayush\\Cocos\\TweetieInWorldOfPipe\\assets\\Resources\\Background\\background-day.png": {
    "time": 1672921039000,
    "uuid": "b15a668b-ab7d-4f55-83bf-466821ba4363",
    "missing": false
  },
  "C:\\Users\\ayush\\Cocos\\TweetieInWorldOfPipe\\assets\\Resources\\Ground\\base.png.meta": {
    "time": 1690637373732.4934
  },
  "C:\\Users\\ayush\\Cocos\\TweetieInWorldOfPipe\\assets\\Resources\\Ground\\base.png": {
    "time": 1672921039000,
    "uuid": "00c53b42-8564-4734-9d20-44febaa4c335",
    "missing": false
  },
  "C:\\Users\\ayush\\Cocos\\TweetieInWorldOfPipe\\assets\\Scripts\\Ground.ts.meta": {
    "time": 1690638311094.9958
  },
  "C:\\Users\\ayush\\Cocos\\TweetieInWorldOfPipe\\assets\\Scripts\\Ground.ts": {
    "time": 1690655764763.1006,
    "uuid": "66f5950f-5631-413f-b703-e12117a581a2",
    "missing": false
  },
  "C:\\Users\\ayush\\Cocos\\TweetieInWorldOfPipe\\assets\\Animations.meta": {
    "time": 1690638430827.6426
  },
  "C:\\Users\\ayush\\Cocos\\TweetieInWorldOfPipe\\assets\\Animations": {
    "time": 1690702987755.5603,
    "uuid": "ead6018d-c33a-431e-800f-3731e73ad9f7",
    "missing": false
  },
  "C:\\Users\\ayush\\Cocos\\TweetieInWorldOfPipe\\assets\\Scenes\\scene.scene.meta": {
    "time": 1690641785430.3972
  },
  "C:\\Users\\ayush\\Cocos\\TweetieInWorldOfPipe\\assets\\Scenes\\scene.scene": {
    "time": 1691092923802.977,
    "uuid": "24a99974-161b-4a32-ae15-68ba64bb7284",
    "missing": false
  },
  "C:\\Users\\ayush\\Cocos\\TweetieInWorldOfPipe\\assets\\Scripts\\GameController.ts.meta": {
    "time": 1690655154667.046
  },
  "C:\\Users\\ayush\\Cocos\\TweetieInWorldOfPipe\\assets\\Scripts\\GameController.ts": {
    "time": 1691092216405.1965,
    "uuid": "f34aff56-7bb3-438b-a539-075857752441",
    "missing": false
  },
  "C:\\Users\\ayush\\Cocos\\TweetieInWorldOfPipe\\assets\\Scripts\\Results.ts.meta": {
    "time": 1690656747342.3247
  },
  "C:\\Users\\ayush\\Cocos\\TweetieInWorldOfPipe\\assets\\Scripts\\Results.ts": {
    "time": 1690702441424.7722,
    "uuid": "5e5fac47-c3ef-4da1-b8f7-368d877a98b0",
    "missing": false
  },
  "C:\\Users\\ayush\\Cocos\\TweetieInWorldOfPipe\\assets\\Scripts\\Bird.ts.meta": {
    "time": 1690702509779.4434
  },
  "C:\\Users\\ayush\\Cocos\\TweetieInWorldOfPipe\\assets\\Scripts\\Bird.ts": {
    "time": 1691090040612.2468,
    "uuid": "560e2fd1-7afd-479d-b0ab-f13ad1c534d7",
    "missing": false
  },
  "C:\\Users\\ayush\\Cocos\\TweetieInWorldOfPipe\\assets\\Animations\\FlyingBird.anim.meta": {
    "time": 1690702987836.295
  },
  "C:\\Users\\ayush\\Cocos\\TweetieInWorldOfPipe\\assets\\Animations\\FlyingBird.anim": {
    "time": 1690728581160.4978,
    "uuid": "03bf1b5f-38a0-46f9-9f8c-1afd7fa6537c",
    "missing": false
  },
  "C:\\Users\\ayush\\Cocos\\TweetieInWorldOfPipe\\assets\\Scripts\\Pipes.ts.meta": {
    "time": 1690739443526.4448
  },
  "C:\\Users\\ayush\\Cocos\\TweetieInWorldOfPipe\\assets\\Scripts\\Pipes.ts": {
    "time": 1691092893611.3074,
    "uuid": "0fa6d954-9c69-47fa-93a0-af2d4a1f0ae7",
    "missing": false
  },
  "C:\\Users\\ayush\\Cocos\\TweetieInWorldOfPipe\\assets\\Prefabs\\Pipe.prefab.meta": {
    "time": 1690916607263.3208
  },
  "C:\\Users\\ayush\\Cocos\\TweetieInWorldOfPipe\\assets\\Prefabs\\Pipe.prefab": {
    "time": 1691089633842.6333,
    "uuid": "12ca93ea-c2c2-4304-a8b0-86023fb37468",
    "missing": false
  },
  "C:\\Users\\ayush\\Cocos\\TweetieInWorldOfPipe\\assets\\Scripts\\PipePool.ts.meta": {
    "time": 1690916738303.6504
  },
  "C:\\Users\\ayush\\Cocos\\TweetieInWorldOfPipe\\assets\\Scripts\\PipePool.ts": {
    "time": 1690917614393.5603,
    "uuid": "46e5b2f6-0053-4475-b220-b0af76bc5286",
    "missing": false
  }
}
