{
  "__type__": "cc.SpriteFrame",
  "content": {
    "name": "pipe-green",
    "atlas": "",
    "rect": {
      "x": 0,
      "y": 0,
      "width": 52,
      "height": 320
    },
    "offset": {
      "x": 0,
      "y": 0
    },
    "originalSize": {
      "width": 52,
      "height": 320
    },
    "rotated": false,
    "capInsets": [
      0,
      0,
      0,
      0
    ],
    "vertices": {
      "rawPosition": [
        -26,
        -160,
        0,
        26,
        -160,
        0,
        -26,
        160,
        0,
        26,
        160,
        0
      ],
      "indexes": [
        0,
        1,
        2,
        2,
        1,
        3
      ],
      "uv": [
        0,
        320,
        52,
        320,
        0,
        0,
        52,
        0
      ],
      "nuv": [
        0,
        0,
        1,
        0,
        0,
        1,
        1,
        1
      ],
      "minPos": {
        "x": -26,
        "y": -160,
        "z": 0
      },
      "maxPos": {
        "x": 26,
        "y": 160,
        "z": 0
      }
    },
    "texture": "97087126-c3c1-488b-a414-3deadd9981cc@6c48a",
    "packable": true,
    "pixelsToUnit": 100,
    "pivot": {
      "x": 0.5,
      "y": 0.5
    },
    "meshType": 0
  }
}