{
  "imports": {
    "cce:/internal/x/cc": "./chunks/d0/d0b282b9748ef7fc7d2e7bd647d71b0f7e84da53.js",
    "cce:/internal/x/prerequisite-imports": "./chunks/f2/f24891e8e38a2f9a13966f6e3cf69b2dabd1888a.js",
    "file:///C:/Users/ayush/Cocos/TweetieInWorldOfPipe/assets/Scripts/Ground.ts": "./chunks/bd/bdac9dd62abfdf07ff859f12bae1f4aad5163876.js",
    "file:///C:/Users/ayush/Cocos/TweetieInWorldOfPipe/assets/Scripts/PipePool.ts": "./chunks/76/7638fef60ebe7a60808c1f331a75948e8308a08e.js",
    "file:///C:/Users/ayush/Cocos/TweetieInWorldOfPipe/assets/Scripts/Results.ts": "./chunks/9b/9be7760bd9ece0afbd4ff8ac1a62f12cb3779359.js",
    "file:///C:/Users/ayush/Cocos/TweetieInWorldOfPipe/assets/Scripts/Bird.ts": "./chunks/0d/0d50022af307d1839eb3ab88d43ff84d0dce6fde.js",
    "file:///C:/Users/ayush/Cocos/TweetieInWorldOfPipe/assets/Scripts/GameController.ts": "./chunks/c8/c8c5ac19a9015332c80c19b80d527bbd4f2cc3ce.js",
    "file:///C:/Users/ayush/Cocos/TweetieInWorldOfPipe/assets/Scripts/Pipes.ts": "./chunks/8b/8bd82cbedea4b2f984ea2dbeed921644befb5b36.js"
  },
  "scopes": {
    "./chunks/d0/d0b282b9748ef7fc7d2e7bd647d71b0f7e84da53.js": {
      "__unresolved_0": "cce:/internal/x/cc-fu/base",
      "__unresolved_1": "cce:/internal/x/cc-fu/gfx-webgl",
      "__unresolved_10": "cce:/internal/x/cc-fu/physics-framework",
      "__unresolved_11": "cce:/internal/x/cc-fu/physics-2d-framework",
      "__unresolved_12": "cce:/internal/x/cc-fu/intersection-2d",
      "__unresolved_13": "cce:/internal/x/cc-fu/primitive",
      "__unresolved_14": "cce:/internal/x/cc-fu/profiler",
      "__unresolved_15": "cce:/internal/x/cc-fu/geometry-renderer",
      "__unresolved_16": "cce:/internal/x/cc-fu/audio",
      "__unresolved_17": "cce:/internal/x/cc-fu/video",
      "__unresolved_18": "cce:/internal/x/cc-fu/xr",
      "__unresolved_19": "cce:/internal/x/cc-fu/terrain",
      "__unresolved_2": "cce:/internal/x/cc-fu/gfx-webgl2",
      "__unresolved_20": "cce:/internal/x/cc-fu/webview",
      "__unresolved_21": "cce:/internal/x/cc-fu/tween",
      "__unresolved_22": "cce:/internal/x/cc-fu/tiled-map",
      "__unresolved_23": "cce:/internal/x/cc-fu/spine",
      "__unresolved_24": "cce:/internal/x/cc-fu/dragon-bones",
      "__unresolved_25": "cce:/internal/x/cc-fu/custom-pipeline",
      "__unresolved_3": "cce:/internal/x/cc-fu/3d",
      "__unresolved_4": "cce:/internal/x/cc-fu/animation",
      "__unresolved_5": "cce:/internal/x/cc-fu/skeletal-animation",
      "__unresolved_6": "cce:/internal/x/cc-fu/2d",
      "__unresolved_7": "cce:/internal/x/cc-fu/ui",
      "__unresolved_8": "cce:/internal/x/cc-fu/particle",
      "__unresolved_9": "cce:/internal/x/cc-fu/particle-2d"
    },
    "./chunks/f2/f24891e8e38a2f9a13966f6e3cf69b2dabd1888a.js": {
      "__unresolved_0": "./chunks/0d/0d50022af307d1839eb3ab88d43ff84d0dce6fde.js",
      "__unresolved_1": "./chunks/c8/c8c5ac19a9015332c80c19b80d527bbd4f2cc3ce.js",
      "__unresolved_2": "./chunks/bd/bdac9dd62abfdf07ff859f12bae1f4aad5163876.js",
      "__unresolved_3": "./chunks/76/7638fef60ebe7a60808c1f331a75948e8308a08e.js",
      "__unresolved_4": "./chunks/8b/8bd82cbedea4b2f984ea2dbeed921644befb5b36.js",
      "__unresolved_5": "./chunks/9b/9be7760bd9ece0afbd4ff8ac1a62f12cb3779359.js"
    },
    "./chunks/9b/9be7760bd9ece0afbd4ff8ac1a62f12cb3779359.js": {
      "cc": "./chunks/d0/d0b282b9748ef7fc7d2e7bd647d71b0f7e84da53.js"
    },
    "./chunks/8b/8bd82cbedea4b2f984ea2dbeed921644befb5b36.js": {
      "cc": "./chunks/d0/d0b282b9748ef7fc7d2e7bd647d71b0f7e84da53.js"
    },
    "./chunks/76/7638fef60ebe7a60808c1f331a75948e8308a08e.js": {
      "cc": "./chunks/d0/d0b282b9748ef7fc7d2e7bd647d71b0f7e84da53.js"
    },
    "./chunks/bd/bdac9dd62abfdf07ff859f12bae1f4aad5163876.js": {
      "__unresolved_0": "./chunks/be/be027f973d8ff1c6fe3dcfebbc993118a793ec1b.js",
      "__unresolved_1": "./chunks/c8/c8c5ac19a9015332c80c19b80d527bbd4f2cc3ce.js",
      "cc": "./chunks/d0/d0b282b9748ef7fc7d2e7bd647d71b0f7e84da53.js"
    },
    "./chunks/c8/c8c5ac19a9015332c80c19b80d527bbd4f2cc3ce.js": {
      "__unresolved_0": "./chunks/be/be027f973d8ff1c6fe3dcfebbc993118a793ec1b.js",
      "__unresolved_1": "./chunks/bd/bdac9dd62abfdf07ff859f12bae1f4aad5163876.js",
      "__unresolved_2": "./chunks/9b/9be7760bd9ece0afbd4ff8ac1a62f12cb3779359.js",
      "__unresolved_3": "./chunks/0d/0d50022af307d1839eb3ab88d43ff84d0dce6fde.js",
      "__unresolved_4": "./chunks/76/7638fef60ebe7a60808c1f331a75948e8308a08e.js",
      "cc": "./chunks/d0/d0b282b9748ef7fc7d2e7bd647d71b0f7e84da53.js"
    },
    "./chunks/0d/0d50022af307d1839eb3ab88d43ff84d0dce6fde.js": {
      "cc": "./chunks/d0/d0b282b9748ef7fc7d2e7bd647d71b0f7e84da53.js"
    }
  }
}
