[
    1,
    [
        "b1WmaLq31PVYO/RmghukNj@6c48a"
    ],
    [
        "_textureSource"
    ],
    [
        "cc.SpriteFrame"
    ],
    0,
    [
        {
            "name": "background-day",
            "rect": {
                "x": 0,
                "y": 0,
                "width": 288,
                "height": 512
            },
            "offset": {
                "x": 0,
                "y": 0
            },
            "originalSize": {
                "width": 288,
                "height": 512
            },
            "rotated": false,
            "capInsets": [
                0,
                0,
                0,
                0
            ],
            "vertices": {
                "rawPosition": [
                    -144,
                    -256,
                    0,
                    144,
                    -256,
                    0,
                    -144,
                    256,
                    0,
                    144,
                    256,
                    0
                ],
                "indexes": [
                    0,
                    1,
                    2,
                    2,
                    1,
                    3
                ],
                "uv": [
                    0,
                    512,
                    288,
                    512,
                    0,
                    0,
                    288,
                    0
                ],
                "nuv": [
                    0,
                    0,
                    1,
                    0,
                    0,
                    1,
                    1,
                    1
                ],
                "minPos": {
                    "x": -144,
                    "y": -256,
                    "z": 0
                },
                "maxPos": {
                    "x": 144,
                    "y": 256,
                    "z": 0
                }
            },
            "packable": true,
            "pixelsToUnit": 100,
            "pivot": {
                "x": 0.5,
                "y": 0.5
            },
            "meshType": 0
        }
    ],
    [
        0
    ],
    0,
    [
        0
    ],
    [
        0
    ],
    [
        0
    ]
]
