{
  "log": {
    "level": 4
  },
  "common": {
    "polyfills": {
      "asyncFunctions": true
    }
  },
  "BuildTaskManager": {
    "taskMap": {
      "1691092997025": {
        "type": "build",
        "id": "1691092997025",
        "progress": 1,
        "state": "success",
        "stage": "build",
        "message": "8-4-2023 01:35:41 Build success in 143611 ms!",
        "options": {
          "name": "TweetieInWorldOfPipe",
          "platform": "web-desktop",
          "buildPath": "project://build",
          "debug": false,
          "md5Cache": false,
          "skipCompressTexture": false,
          "sourceMaps": false,
          "polyfills": {
            "asyncFunctions": true
          },
          "experimentalEraseModules": false,
          "useBuiltinServer": false,
          "mainBundleIsRemote": false,
          "mainBundleCompressionType": "merge_dep",
          "replaceSplashScreen": false,
          "startScene": "24a99974-161b-4a32-ae15-68ba64bb7284",
          "outputName": "web-desktop",
          "scenes": [
            {
              "url": "db://assets/Scenes/scene.scene",
              "uuid": "24a99974-161b-4a32-ae15-68ba64bb7284",
              "inBundle": false
            }
          ],
          "web-desktop": [],
          "packages": {
            "web-desktop": {
              "useWebGPU": false,
              "resolution": {
                "designWidth": 1280,
                "designHeight": 960
              },
              "__version__": "1.0.1"
            },
            "cocos-service": {
              "configID": "3fa33f",
              "services": []
            }
          },
          "__version__": "1.3.3"
        },
        "time": "8-4-2023 01:33",
        "dirty": false
      }
    }
  }
}
