{
  "gizmos-infos": {
    "is2D": true,
    "is3DIcon": false,
    "iconSize": 2,
    "gridVisible": true,
    "gridColor": [
      150,
      150,
      150,
      255
    ],
    "isIconGizmo3D": false,
    "iconGizmoSize": 2,
    "isGridVisible": true
  },
  "scene": {
    "native": false
  },
  "float-window": {
    "position": {
      "cc": {
        "Camera": {
          "dock": false,
          "top": null,
          "bottom": 10,
          "left": null,
          "right": 10
        }
      }
    }
  },
  "camera": {
    "fov": 45,
    "far": 10000,
    "near": 0.01,
    "color": [
      48,
      48,
      48,
      255
    ],
    "wheelSpeed": 0.01,
    "wanderSpeed": 10,
    "enableAcceleration": true,
    "far2D": 10000,
    "near2D": 1,
    "wheelSpeed2D": 6,
    "size": "__default_design__"
  },
  "camera-infos": {
    "c77ecaa8-c936-46c4-a5b0-98692673ed87": {
      "position": {
        "x": 632.124120032801,
        "y": 920.4662922886042,
        "z": 5000
      },
      "rotation": {
        "x": 0,
        "y": 0,
        "z": 0,
        "w": 1
      },
      "viewCenter": {
        "x": 0,
        "y": 0,
        "z": 0
      }
    },
    "24a99974-161b-4a32-ae15-68ba64bb7284": {
      "position": {
        "x": 238.11488811207755,
        "y": 522.660367861835,
        "z": 5000
      },
      "rotation": {
        "x": 0,
        "y": 0,
        "z": 0,
        "w": 1
      },
      "viewCenter": {
        "x": 0,
        "y": 0,
        "z": 0
      }
    }
  },
  "camera-uuids": [
    "24a99974-161b-4a32-ae15-68ba64bb7284"
  ]
}
